client_id,grant_type,username,password
jazzx-application,password,user.user1@jazzx.dev,P@#$1122
jazzx-application,password,user.user2@jazzx.dev,P@#$1122
jazzx-application,password,user.user3@jazzx.dev,P@#$1122
jazzx-application,password,user.user4@jazzx.dev,P@#$1122
jazzx-application,password,user.user5@jazzx.dev,P@#$1122
jazzx-application,password,user.user6@jazzx.dev,P@#$1122
jazzx-application,password,user.user7@jazzx.dev,P@#$1122
jazzx-application,password,user.user8@jazzx.dev,P@#$1122
jazzx-application,password,user.user9@jazzx.dev,P@#$1122
jazzx-application,password,user.user10@jazzx.dev,P@#$1122
jazzx-application,password,user.user11@jazzx.dev,P@#$1122
jazzx-application,password,user.user12@jazzx.dev,P@#$1122
jazzx-application,password,user.user13@jazzx.dev,P@#$1122
jazzx-application,password,user.user14@jazzx.dev,P@#$1122
jazzx-application,password,user.user15@jazzx.dev,P@#$1122
jazzx-application,password,user.user16@jazzx.dev,P@#$1122
jazzx-application,password,user.user17@jazzx.dev,P@#$1122
jazzx-application,password,user.user18@jazzx.dev,P@#$1122
jazzx-application,password,user.user19@jazzx.dev,P@#$1122
jazzx-application,password,user.user20@jazzx.dev,P@#$1122
jazzx-application,password,user.user21@jazzx.dev,P@#$1122
jazzx-application,password,user.user22@jazzx.dev,P@#$1122
jazzx-application,password,user.user23@jazzx.dev,P@#$1122
jazzx-application,password,user.user24@jazzx.dev,P@#$1122
jazzx-application,password,user.user25@jazzx.dev,P@#$1122
jazzx-application,password,user.user26@jazzx.dev,P@#$1122
jazzx-application,password,user.user27@jazzx.dev,P@#$1122
jazzx-application,password,user.user28@jazzx.dev,P@#$1122
jazzx-application,password,user.user29@jazzx.dev,P@#$1122
jazzx-application,password,user.user30@jazzx.dev,P@#$1122
jazzx-application,password,user.user31@jazzx.dev,P@#$1122
jazzx-application,password,user.user32@jazzx.dev,P@#$1122
jazzx-application,password,user.user33@jazzx.dev,P@#$1122
jazzx-application,password,user.user34@jazzx.dev,P@#$1122
jazzx-application,password,user.user35@jazzx.dev,P@#$1122
jazzx-application,password,user.user36@jazzx.dev,P@#$1122
jazzx-application,password,user.user37@jazzx.dev,P@#$1122
jazzx-application,password,user.user38@jazzx.dev,P@#$1122
jazzx-application,password,user.user39@jazzx.dev,P@#$1122
jazzx-application,password,user.user40@jazzx.dev,P@#$1122
jazzx-application,password,user.user41@jazzx.dev,P@#$1122
jazzx-application,password,user.user42@jazzx.dev,P@#$1122
jazzx-application,password,user.user43@jazzx.dev,P@#$1122
jazzx-application,password,user.user44@jazzx.dev,P@#$1122
jazzx-application,password,user.user45@jazzx.dev,P@#$1122
jazzx-application,password,user.user46@jazzx.dev,P@#$1122
jazzx-application,password,user.user47@jazzx.dev,P@#$1122
jazzx-application,password,user.user48@jazzx.dev,P@#$1122
jazzx-application,password,user.user49@jazzx.dev,P@#$1122
jazzx-application,password,user.user50@jazzx.dev,P@#$1122
jazzx-application,password,user.user51@jazzx.dev,P@#$1122
jazzx-application,password,user.user52@jazzx.dev,P@#$1122
jazzx-application,password,user.user53@jazzx.dev,P@#$1122
jazzx-application,password,user.user54@jazzx.dev,P@#$1122
jazzx-application,password,user.user55@jazzx.dev,P@#$1122
jazzx-application,password,user.user56@jazzx.dev,P@#$1122
jazzx-application,password,user.user57@jazzx.dev,P@#$1122
jazzx-application,password,user.user58@jazzx.dev,P@#$1122
jazzx-application,password,user.user59@jazzx.dev,P@#$1122
jazzx-application,password,user.user60@jazzx.dev,P@#$1122
jazzx-application,password,user.user61@jazzx.dev,P@#$1122
jazzx-application,password,user.user62@jazzx.dev,P@#$1122
jazzx-application,password,user.user63@jazzx.dev,P@#$1122
jazzx-application,password,user.user64@jazzx.dev,P@#$1122
jazzx-application,password,user.user65@jazzx.dev,P@#$1122
jazzx-application,password,user.user66@jazzx.dev,P@#$1122
jazzx-application,password,user.user67@jazzx.dev,P@#$1122
jazzx-application,password,user.user68@jazzx.dev,P@#$1122
jazzx-application,password,user.user69@jazzx.dev,P@#$1122
jazzx-application,password,user.user70@jazzx.dev,P@#$1122
jazzx-application,password,user.user71@jazzx.dev,P@#$1122
jazzx-application,password,user.user72@jazzx.dev,P@#$1122
jazzx-application,password,user.user73@jazzx.dev,P@#$1122
jazzx-application,password,user.user74@jazzx.dev,P@#$1122
jazzx-application,password,user.user75@jazzx.dev,P@#$1122
jazzx-application,password,user.user76@jazzx.dev,P@#$1122
jazzx-application,password,user.user77@jazzx.dev,P@#$1122
jazzx-application,password,user.user78@jazzx.dev,P@#$1122
jazzx-application,password,user.user79@jazzx.dev,P@#$1122
jazzx-application,password,user.user80@jazzx.dev,P@#$1122
jazzx-application,password,user.user81@jazzx.dev,P@#$1122
jazzx-application,password,user.user82@jazzx.dev,P@#$1122
jazzx-application,password,user.user83@jazzx.dev,P@#$1122
jazzx-application,password,user.user84@jazzx.dev,P@#$1122
jazzx-application,password,user.user85@jazzx.dev,P@#$1122
jazzx-application,password,user.user86@jazzx.dev,P@#$1122
jazzx-application,password,user.user87@jazzx.dev,P@#$1122
jazzx-application,password,user.user88@jazzx.dev,P@#$1122
jazzx-application,password,user.user89@jazzx.dev,P@#$1122
jazzx-application,password,user.user90@jazzx.dev,P@#$1122
jazzx-application,password,user.user91@jazzx.dev,P@#$1122
jazzx-application,password,user.user92@jazzx.dev,P@#$1122
jazzx-application,password,user.user93@jazzx.dev,P@#$1122
jazzx-application,password,user.user94@jazzx.dev,P@#$1122
jazzx-application,password,user.user95@jazzx.dev,P@#$1122
jazzx-application,password,user.user96@jazzx.dev,P@#$1122
jazzx-application,password,user.user97@jazzx.dev,P@#$1122
jazzx-application,password,user.user98@jazzx.dev,P@#$1122
jazzx-application,password,user.user99@jazzx.dev,P@#$1122
jazzx-application,password,user.user100@jazzx.dev,P@#$1122
